{"K0": {"Bandwith": 92.0, "ENP_j": 3.8446710802641415, "Adj t-val": 2.512107491068591, "Adj alpha": 0.013005013681577368, "Mean": 0.01720677285971922, "STD": 0.17116770262739653, "Min": -0.26038002613445443, "Median": 0.0582307131046759, "Max": 0.2706432199161279}, "K1": {"Bandwith": 101.0, "ENP_j": 3.5137708051516503, "Adj t-val": 2.4788879239423856, "Adj alpha": 0.01422972719982004, "Mean": 0.479031719931867, "STD": 0.21630788743835558, "Min": 0.11672864914129716, "Median": 0.49954709334523095, "Max": 0.721913402187218}, "K2": {"Bandwith": 136.0, "ENP_j": 2.258052527889826, "Adj t-val": 2.3106911297007184, "Adj alpha": 0.022142974701622877, "Mean": -0.06929290596966681, "STD": 0.03589964847617435, "Min": -0.14565417314228363, "Median": -0.06409024102164647, "Max": -0.013801630407656019}, "K3": {"Bandwith": 158.0, "ENP_j": 1.751756459392689, "Adj t-val": 2.210001836555586, "Adj alpha": 0.028542780437261436, "Mean": -0.3041324850848438, "STD": 0.01871533865849351, "Min": -0.34746826927790875, "Median": -0.3019323171244976, "Max": -0.26636111824604064}}