{"diagnostic_info": {"Residual sum of squares": 50.8993794678704, "Effective number of parameters (trace(S))": 11.368250872698306, "Degree of freedom (n - trace(S))": 147.6317491273017, "Sigma estimate": 0.5871733840372149, "Log-likelihood": -135.05647591938913, "AIC": 294.84945358417485, "AICc": 297.12013812258783, "BIC": 332.80643066151276, "R2 ": 0.679878116554274, "Adjusted R2 ": 0.6550593041039621}, "model_results": {"Spatial kernel": "bisquare", "Criterion for optimal bandwidth": "AICc", "Score of Change (SOC) type": "Smoothing f", "Termination criterion for MGWR": 1e-05}}